{
"info": {
"description":"List of SMT rewards recipients and amounts",
"weekStartEpoch": 1633302000,
"weekEndEpoch": 1633906799,
"scheduledRelease": 290838,
"rolloverFromLastWeek": 0,
"actualRelease": 290838,
"rolloverToNextWeek": 0
},
"distribution": {
"0xcae1061a7dff2607aa3d22048ff1b7f42a009321": 41187.3982,
"0x9d5f3391bb4055d9dbb6f91c3d0f333d1f3a6e2d": 21173.8152,
"0x3df51013b9080786a374e2980dd1da88b0b99177": 513.2807744,
"0x13d897716ea9309a99f44275f0935b7a4de2658c": 329.3636252,
"0xef839c529ba597b97ef73895a8ac2610e4268d81": 52161.33519,
"0x56a0bba677e15767935a0e410e25bd80a2aaad2c": 8769.814133,
"0x035facef5fa6be5c1d2667773378948f37d20b90": 5024.229305,
"0x6b31682a6eec6fcedf0b9628cdfcca958bcadcd8": 23352.30196,
"0x7c181ddb8dad02859e80ad804d1529a5664e402e": 3667.679044,
"0x66d036ca276a6690731724987c14bddc27590a31": 16104.25398,
"0xde4f4015507cb53147edd0e2dfd3dcf991ae7f0c": 46.66984608,
"0x78faa36cda79e0e078b94d011e5ccf6931611bd2": 700.7783365,
"0x30e996409627d6b820a5f7c9ff413680aad694cd": 932.4709594,
"0x03260d1f9591ddc951532eee14443f0e6efa76ae": 385.0876174,
"0xddd99beca9f7daa4bda89117259c9d3584f31e0a": 8887.105086,
"0x4fcbe6c1113311a932bd2f1607eb56ca9a523fbd": 2733.43011,
"0x9cd5251399fe313379e2243f77fff94a6ae70e63": 190.3631737,
"0x277fb2af5ce837a8e77c5607ef463e1919796d5d": 988.6557276,
"0x6ff5b6aa621ee75192a08685254b1f874a93ee73": 773.5348742,
"0x6f28b4a549881ddf99cbe6fd4f8297f2fe4eb1b6": 52.60689685,
"0x9799d5db05cb00e1c63d708e0cfce323751eb737": 914.9216972,
"0x874fa6cd927d748326d5004065636e343df97405": 306.6410123,
"0x522c906586a5ba6d6bc7eecf184aaebedb8d4e70": 53.27808238,
"0xcf985ba7d2531030d720424c29883ff4a5569663": 88.97085355,
"0xfd26de11cb7bf17ae55b56e417663cfdfee02e95": 128.0835124,
"0x120107165b53e653f5e76049447a1af3ecda980c": 61539.16317,
"0x1d04cb16d0cc338d5ec6b5379f67ca1406c96d37": 174.6799353,
"0xa4c1b34136653b10ffae8336c8dcf44c4499043d": 225.8054758,
"0xe8267f36539bfa879c147ef353500f0710164483": 173.9173117,
"0xb635a9bc0a3d74f5308b9a8b562f3d89761254ed": 8.280533236,
"0xb3cda99926a1d4ba8f35a4bbce85008e12b50f7e": 6776.886968,
"0xbc8ca713a71ffbe54446e215ef850f773ec4d5a7": 329.0853321,
"0xa4030e70b39b06daad7d7661190901adc7ad433a": 2181.4436,
"0xbbb7b32a5e384829fa67e200041d64e4dd8a6105": 182.5242692,
"0x2fa4db030d2dc4d36f8c037ed2b3219f82e7b893": 635.8946754,
"0x9c5779b16e8600492c827373596b8f44deb21cce": 445.9799783,
"0x119324b9d8d34965b460f9457b80ead79d8fe36a": 1582.211464,
"0x82ac2cf53302bd389524d0c661ea4bba31fc73dd": 1897.505229,
"0xa2830d8e9fba0aa426032ae415e3adbc86f8fd60": 1277.025731,
"0xef7f0089e4dbf745d431db07d7807bc2e1e5daa3": 475.1107515,
"0xd21db99310d2dc9aa1dbadd34e3bcbf0d3d0c51f": 1225.52724,
"0x2fdd04dcc0022daacd3b8e5d6ff9a0d23b02db07": 79.539765,
"0x2a72a3164d1a8947f2eaed02ae3a4b1868580d0b": 166.6609344,
"0x6aeb7c803c2fa6a835cc3e2242eac8ba862da97f": 152.9332491,
"0xaa41bb9118afab9abf9481cc753ae8b8dd71f7b4": 247.3291295,
"0x397ba85bd833b42c919f5e978cf7646e161d78ae": 7912.085707,
"0x64d42a0431c91a4924d3979f75872dce854fc171": 39.90969214,
"0x59dee0af662c8937a3e5a600f4fd8815f393e4dc": 279.3731593,
"0xa63f10f74604318bf4685db11f8f7fdaf6688e62": 175.093553,
"0xaf979d88965e652bc7dc9b9768ba04832f480771": 1347.518933,
"0x0a20507fc1a33cbd15c5fd5197b259ca644e7769": 182.4605192,
"0x91a4815d131c194c9138970245ed96be2cb8c01c": 2475.351559,
"0x77a6ed698be04812c8548890bd742eb79655d0b6": 50.11531061,
"0x16f9533c30f651f38c76d8c1f488b486e4b8e361": 1016.784232,
"0x0d50b417fdfbe5de6361278f7386fb8d5aea6a40": 1460.510368,
"0x0c537101991b5024137df14dcb823766be078961": 5757.136475,
"0xa3a90f586724c4c05b8213a01538337054e0d4ce": 343.8069601,
"0xd5e025336817717c10330954cfb6fffdea45a3e4": 213.9591345,
"0xfcade2c82f8f1f53ff6b2463c3470126d27f3f3b": 340.2382414
 }
}
