{
   "info": {
     "description": "List of SMT rewards recipients and amounts",
     "weekStartEpoch": 1640563200,
     "weekEndEpoch": 1641167999,
     "scheduledRelease": 273859,
     "rolloverFromLastWeek": 0,
     "actualRelease": 273859,
     "rolloverToNextWeek": 0
   },
   "distribution": {
"0xcae1061a7dff2607aa3d22048ff1b7f42a009321": 55640.21298,
"0x9d5f3391bb4055d9dbb6f91c3d0f333d1f3a6e2d": 24386.91798,
"0x3df51013b9080786a374e2980dd1da88b0b99177": 383.240355,
"0xef839c529ba597b97ef73895a8ac2610e4268d81": 23325.3508,
"0x56a0bba677e15767935a0e410e25bd80a2aaad2c": 13519.11743,
"0x035facef5fa6be5c1d2667773378948f37d20b90": 5455.587016,
"0x6b31682a6eec6fcedf0b9628cdfcca958bcadcd8": 29023.73106,
"0x7c181ddb8dad02859e80ad804d1529a5664e402e": 1742.250744,
"0x66d036ca276a6690731724987c14bddc27590a31": 16069.51382,
"0xde4f4015507cb53147edd0e2dfd3dcf991ae7f0c": 67.2688332,
"0x78faa36cda79e0e078b94d011e5ccf6931611bd2": 317.9104886,
"0x30e996409627d6b820a5f7c9ff413680aad694cd": 638.8550516,
"0x03260d1f9591ddc951532eee14443f0e6efa76ae": 276.0173108,
"0xddd99beca9f7daa4bda89117259c9d3584f31e0a": 10905.55913,
"0x9cd5251399fe313379e2243f77fff94a6ae70e63": 259.1915351,
"0x277fb2af5ce837a8e77c5607ef463e1919796d5d": 1364.712375,
"0x6ff5b6aa621ee75192a08685254b1f874a93ee73": 852.5839609,
"0x6f28b4a549881ddf99cbe6fd4f8297f2fe4eb1b6": 43.7662475,
"0x53bd5851bff3ea8cb43d334716337f350d2e5ef6": 88.77541565,
"0x9799d5db05cb00e1c63d708e0cfce323751eb737": 656.5022038,
"0x874fa6cd927d748326d5004065636e343df97405": 249.8204088,
"0xcf985ba7d2531030d720424c29883ff4a5569663": 128.2405238,
"0xfd26de11cb7bf17ae55b56e417663cfdfee02e95": 982.1283225,
"0x120107165b53e653f5e76049447a1af3ecda980c": 60236.71467,
"0x1d04cb16d0cc338d5ec6b5379f67ca1406c96d37": 191.6854027,
"0xe8267f36539bfa879c147ef353500f0710164483": 124.5720872,
"0xb635a9bc0a3d74f5308b9a8b562f3d89761254ed": 11.93536847,
"0xb3cda99926a1d4ba8f35a4bbce85008e12b50f7e": 4291.752629,
"0xbc8ca713a71ffbe54446e215ef850f773ec4d5a7": 40.70545006,
"0xa4030e70b39b06daad7d7661190901adc7ad433a": 1565.149234,
"0xbbb7b32a5e384829fa67e200041d64e4dd8a6105": 231.3567995,
"0x2fa4db030d2dc4d36f8c037ed2b3219f82e7b893": 1286.561121,
"0x9c5779b16e8600492c827373596b8f44deb21cce": 398.1946783,
"0x119324b9d8d34965b460f9457b80ead79d8fe36a": 3868.298595,
"0x82ac2cf53302bd389524d0c661ea4bba31fc73dd": 1164.776731,
"0xa2830d8e9fba0aa426032ae415e3adbc86f8fd60": 1418.517467,
"0xef7f0089e4dbf745d431db07d7807bc2e1e5daa3": 340.8657534,
"0xd21db99310d2dc9aa1dbadd34e3bcbf0d3d0c51f": 807.5672076,
"0x2fdd04dcc0022daacd3b8e5d6ff9a0d23b02db07": 56.98808623,
"0x2a72a3164d1a8947f2eaed02ae3a4b1868580d0b": 119.6603308,
"0x6aeb7c803c2fa6a835cc3e2242eac8ba862da97f": 109.5453305,
"0xaa41bb9118afab9abf9481cc753ae8b8dd71f7b4": 177.4956799,
"0x64d42a0431c91a4924d3979f75872dce854fc171": 28.33416318,
"0x59dee0af662c8937a3e5a600f4fd8815f393e4dc": 200.4621162,
"0xa63f10f74604318bf4685db11f8f7fdaf6688e62": 125.4536561,
"0xaf979d88965e652bc7dc9b9768ba04832f480771": 1123.641747,
"0xd3b5b376a3bf46b4f57339039cb403a8509e0473": 499.3403521,
"0x0a20507fc1a33cbd15c5fd5197b259ca644e7769": 336.5638152,
"0x91a4815d131c194c9138970245ed96be2cb8c01c": 2528.151593,
"0x77a6ed698be04812c8548890bd742eb79655d0b6": 35.80923333,
"0x16f9533c30f651f38c76d8c1f488b486e4b8e361": 741.0689594,
"0x0d50b417fdfbe5de6361278f7386fb8d5aea6a40": 3785.807583,
"0xa3a90f586724c4c05b8213a01538337054e0d4ce": 957.6551635,
"0x200a536dd2636480918712edd8e46426edebc2d0": 200.5366914,
"0xd5e025336817717c10330954cfb6fffdea45a3e4": 364.6792373,
"0xfcade2c82f8f1f53ff6b2463c3470126d27f3f3b": 111.7744522
}
}