{
   "info": {
     "description": "List of SMT rewards recipients and amounts",
     "weekStartEpoch": 1639353600,
     "weekEndEpoch": 1639958399,
     "scheduledRelease": 276619,
     "rolloverFromLastWeek": 0,
     "actualRelease": 276619,
     "rolloverToNextWeek": 0
   },
   "distribution": {
"0xcae1061a7dff2607aa3d22048ff1b7f42a009321": 44838.72188,
"0x9d5f3391bb4055d9dbb6f91c3d0f333d1f3a6e2d": 25232.88437,
"0x3df51013b9080786a374e2980dd1da88b0b99177": 406.6098295,
"0xef839c529ba597b97ef73895a8ac2610e4268d81": 23334.73252,
"0x56a0bba677e15767935a0e410e25bd80a2aaad2c": 17707.03675,
"0x035facef5fa6be5c1d2667773378948f37d20b90": 5743.757606,
"0x6b31682a6eec6fcedf0b9628cdfcca958bcadcd8": 34249.10986,
"0x7c181ddb8dad02859e80ad804d1529a5664e402e": 2620.166224,
"0x66d036ca276a6690731724987c14bddc27590a31": 6451.599931,
"0xde4f4015507cb53147edd0e2dfd3dcf991ae7f0c": 63.49942796,
"0x78faa36cda79e0e078b94d011e5ccf6931611bd2": 340.4434831,
"0x30e996409627d6b820a5f7c9ff413680aad694cd": 513.0969106,
"0x03260d1f9591ddc951532eee14443f0e6efa76ae": 295.8629341,
"0xddd99beca9f7daa4bda89117259c9d3584f31e0a": 11247.5301, 
"0x9cd5251399fe313379e2243f77fff94a6ae70e63": 277.6932831,
"0x277fb2af5ce837a8e77c5607ef463e1919796d5d": 1722.395813,
"0x6ff5b6aa621ee75192a08685254b1f874a93ee73": 1525.089751,
"0x6f28b4a549881ddf99cbe6fd4f8297f2fe4eb1b6": 45.18597598,
"0x53bd5851bff3ea8cb43d334716337f350d2e5ef6": 81.05152569,
"0x9799d5db05cb00e1c63d708e0cfce323751eb737": 702.7520945,
"0x874fa6cd927d748326d5004065636e343df97405": 260.0226391,
"0xcf985ba7d2531030d720424c29883ff4a5569663": 121.0545733,
"0x120107165b53e653f5e76049447a1af3ecda980c": 68063.38934,
"0x1d04cb16d0cc338d5ec6b5379f67ca1406c96d37": 188.6149191,
"0xe8267f36539bfa879c147ef353500f0710164483": 133.6903885,
"0xb635a9bc0a3d74f5308b9a8b562f3d89761254ed": 11.26657077,
"0xb3cda99926a1d4ba8f35a4bbce85008e12b50f7e": 5114.786878,
"0xbc8ca713a71ffbe54446e215ef850f773ec4d5a7": 43.78314039,
"0xa4030e70b39b06daad7d7661190901adc7ad433a": 1676.091422,
"0xbbb7b32a5e384829fa67e200041d64e4dd8a6105": 216.2224165,
"0x2fa4db030d2dc4d36f8c037ed2b3219f82e7b893": 1033.323225,
"0x9c5779b16e8600492c827373596b8f44deb21cce": 406.6243765,
"0x119324b9d8d34965b460f9457b80ead79d8fe36a": 4133.888304,
"0x82ac2cf53302bd389524d0c661ea4bba31fc73dd": 1209.32414, 
"0xa2830d8e9fba0aa426032ae415e3adbc86f8fd60": 2141.429856,
"0xef7f0089e4dbf745d431db07d7807bc2e1e5daa3": 365.1633181,
"0xd21db99310d2dc9aa1dbadd34e3bcbf0d3d0c51f": 864.8956981,
"0x2fdd04dcc0022daacd3b8e5d6ff9a0d23b02db07": 61.08920377,
"0x2a72a3164d1a8947f2eaed02ae3a4b1868580d0b": 127.9697452,
"0x6aeb7c803c2fa6a835cc3e2242eac8ba862da97f": 117.2547162,
"0xaa41bb9118afab9abf9481cc753ae8b8dd71f7b4": 189.8699885,
"0x64d42a0431c91a4924d3979f75872dce854fc171": 30.56250358,
"0x59dee0af662c8937a3e5a600f4fd8815f393e4dc": 214.6017866,
"0xa63f10f74604318bf4685db11f8f7fdaf6688e62": 134.5381657,
"0xaf979d88965e652bc7dc9b9768ba04832f480771": 1203.235566,
"0xd3b5b376a3bf46b4f57339039cb403a8509e0473": 713.0045866,
"0x0a20507fc1a33cbd15c5fd5197b259ca644e7769": 307.2811376,
"0x91a4815d131c194c9138970245ed96be2cb8c01c": 3609.976335,
"0x77a6ed698be04812c8548890bd742eb79655d0b6": 38.40922718,
"0x16f9533c30f651f38c76d8c1f488b486e4b8e361": 709.1654783,
"0x0d50b417fdfbe5de6361278f7386fb8d5aea6a40": 4053.967737,
"0xa3a90f586724c4c05b8213a01538337054e0d4ce": 1025.759189,
"0x200a536dd2636480918712edd8e46426edebc2d0": 189.2996293,
"0xd5e025336817717c10330954cfb6fffdea45a3e4": 390.3758362,
"0xfcade2c82f8f1f53ff6b2463c3470126d27f3f3b": 119.7312337
}
}