{
  "info": {
    "description": "List of SMT rewards recipients and amounts",
    "weekStartEpoch": 1630281600,
    "weekEndEpoch": 1630882799,
    "scheduledRelease": 298219,
    "rolloverFromLastWeek": 65256,
    "actualRelease": 363475,
    "rolloverToNextWeek": 0
  },
  "distribution": {
    "0xcae1061a7dff2607aa3d22048ff1b7f42a009321": 34512.6179897849,
    "0x9d5f3391bb4055d9dbb6f91c3d0f333d1f3a6e2d": 16930.949354977,
    "0xe99866c3e5533f0c42c341a9a926fec0cf6f626a": 0.145090076367466,
    "0x3df51013b9080786a374e2980dd1da88b0b99177": 1443.02561231083,
    "0x13d897716ea9309a99f44275f0935b7a4de2658c": 645.01776685581,
    "0xef839c529ba597b97ef73895a8ac2610e4268d81": 76065.4534304402,
    "0x56a0bba677e15767935a0e410e25bd80a2aaad2c": 17884.7269299956,
    "0x035facef5fa6be5c1d2667773378948f37d20b90": 4792.91307453986,
    "0x6b31682a6eec6fcedf0b9628cdfcca958bcadcd8": 27918.8452774283,
    "0x7c181ddb8dad02859e80ad804d1529a5664e402e": 7292.70382767662,
    "0x66d036ca276a6690731724987c14bddc27590a31": 58862.441259186,
    "0xde4f4015507cb53147edd0e2dfd3dcf991ae7f0c": 91.3970991278649,
    "0x78faa36cda79e0e078b94d011e5ccf6931611bd2": 839.065999822212,
    "0x30e996409627d6b820a5f7c9ff413680aad694cd": 641.876230318217,
    "0xddd99beca9f7daa4bda89117259c9d3584f31e0a": 14097.87254,
    "0x4fcbe6c1113311a932bd2f1607eb56ca9a523fbd": 4320.144667,
    "0x277fb2af5ce837a8e77c5607ef463e1919796d5d": 1479.021832,
    "0x6ff5b6aa621ee75192a08685254b1f874a93ee73": 992.4625084,
    "0x6f28b4a549881ddf99cbe6fd4f8297f2fe4eb1b6": 16.24371612,
    "0x874fa6cd927d748326d5004065636e343df97405": 449.6380679,
    "0x522c906586a5ba6d6bc7eecf184aaebedb8d4e70": 101.2222871,
    "0xcf985ba7d2531030d720424c29883ff4a5569663": 174.2383703,
    "0xfd26de11cb7bf17ae55b56e417663cfdfee02e95": 10180.01445,
    "0x120107165b53e653f5e76049447a1af3ecda980c": 45849.61217,
    "0x1d04cb16d0cc338d5ec6b5379f67ca1406c96d37": 161.2657336,
    "0xa4c1b34136653b10ffae8336c8dcf44c4499043d": 189.8920616,
    "0xe8267f36539bfa879c147ef353500f0710164483": 506.4010358,
    "0xb635a9bc0a3d74f5308b9a8b562f3d89761254ed": 16.21639626,
    "0xb3cda99926a1d4ba8f35a4bbce85008e12b50f7e": 8827.267038,
    "0xa4030e70b39b06daad7d7661190901adc7ad433a": 3324.095346,
    "0xbbb7b32a5e384829fa67e200041d64e4dd8a6105": 346.7753184,
    "0x2fa4db030d2dc4d36f8c037ed2b3219f82e7b893": 445.8104654,
    "0x9c5779b16e8600492c827373596b8f44deb21cce": 568.3572194,
    "0x119324b9d8d34965b460f9457b80ead79d8fe36a": 2223.616359,
    "0x82ac2cf53302bd389524d0c661ea4bba31fc73dd": 2338.456432,
    "0xa2830d8e9fba0aa426032ae415e3adbc86f8fd60": 1260.677866,
    "0xef7f0089e4dbf745d431db07d7807bc2e1e5daa3": 494.9077052,
    "0xd21db99310d2dc9aa1dbadd34e3bcbf0d3d0c51f": 1163.357003,
    "0x2fdd04dcc0022daacd3b8e5d6ff9a0d23b02db07": 226.5629704,
    "0x2a72a3164d1a8947f2eaed02ae3a4b1868580d0b": 409.3462361,
    "0x6aeb7c803c2fa6a835cc3e2242eac8ba862da97f": 399.5337046,
    "0xaa41bb9118afab9abf9481cc753ae8b8dd71f7b4": 667.8260192,
    "0x397ba85bd833b42c919f5e978cf7646e161d78ae": 13427.6229,
    "0x64d42a0431c91a4924d3979f75872dce854fc171": 46.83102382,
    "0x59dee0af662c8937a3e5a600f4fd8815f393e4dc": 471.1754762,
    "0xa63f10f74604318bf4685db11f8f7fdaf6688e62": 376.86266
  }
}