{
   "info": {
     "description": "List of SMT rewards recipients and amounts",
     "weekStartEpoch": 1633906800,
     "weekEndEpoch": 1634511599,
     "scheduledRelease": 289384,
     "rolloverFromLastWeek": 0,
     "actualRelease": 289384,
     "rolloverToNextWeek": 0
   },
   "distribution": {
"0xcae1061a7dff2607aa3d22048ff1b7f42a009321": 40635.98009,
"0x9d5f3391bb4055d9dbb6f91c3d0f333d1f3a6e2d": 22308.94318,
"0x3df51013b9080786a374e2980dd1da88b0b99177": 506.175688,
"0x13d897716ea9309a99f44275f0935b7a4de2658c": 314.2731558,
"0xef839c529ba597b97ef73895a8ac2610e4268d81": 48242.48225,
"0x56a0bba677e15767935a0e410e25bd80a2aaad2c": 11882.61083,
"0x035facef5fa6be5c1d2667773378948f37d20b90": 5153.483303,
"0x6b31682a6eec6fcedf0b9628cdfcca958bcadcd8": 22992.34263,
"0x7c181ddb8dad02859e80ad804d1529a5664e402e": 2857.540483,
"0x66d036ca276a6690731724987c14bddc27590a31": 18361.44307,
"0xde4f4015507cb53147edd0e2dfd3dcf991ae7f0c": 44.53157145,
"0x78faa36cda79e0e078b94d011e5ccf6931611bd2": 683.2784741,
"0x30e996409627d6b820a5f7c9ff413680aad694cd": 878.9285733,
"0x03260d1f9591ddc951532eee14443f0e6efa76ae": 379.9861283,
"0xddd99beca9f7daa4bda89117259c9d3584f31e0a": 8937.046795,
"0x4fcbe6c1113311a932bd2f1607eb56ca9a523fbd": 1774.060547,
"0x9cd5251399fe313379e2243f77fff94a6ae70e63": 356.6154108,
"0x277fb2af5ce837a8e77c5607ef463e1919796d5d": 976.0345906,
"0x6ff5b6aa621ee75192a08685254b1f874a93ee73": 761.9958944,
"0x6f28b4a549881ddf99cbe6fd4f8297f2fe4eb1b6": 51.59045899,
"0x53bd5851bff3ea8cb43d334716337f350d2e5ef6": 430.8897239,
"0x9799d5db05cb00e1c63d708e0cfce323751eb737": 903.1329248,
"0x874fa6cd927d748326d5004065636e343df97405": 301.388961,
"0x522c906586a5ba6d6bc7eecf184aaebedb8d4e70": 51.47700493,
"0xcf985ba7d2531030d720424c29883ff4a5569663": 84.8944716,
"0x120107165b53e653f5e76049447a1af3ecda980c": 59288.10129,
"0x1d04cb16d0cc338d5ec6b5379f67ca1406c96d37": 169.3736817,
"0xe8267f36539bfa879c147ef353500f0710164483": 171.6933744,
"0xb635a9bc0a3d74f5308b9a8b562f3d89761254ed": 7.901143641,
"0xb3cda99926a1d4ba8f35a4bbce85008e12b50f7e": 6673.023106,
"0xbc8ca713a71ffbe54446e215ef850f773ec4d5a7": 56.32629067,
"0xa4030e70b39b06daad7d7661190901adc7ad433a": 2153.531442,
"0xbbb7b32a5e384829fa67e200041d64e4dd8a6105": 176.3539956,
"0x2fa4db030d2dc4d36f8c037ed2b3219f82e7b893": 627.6426059,
"0x9c5779b16e8600492c827373596b8f44deb21cce": 436.6484198,
"0x119324b9d8d34965b460f9457b80ead79d8fe36a": 1561.082628,
"0x82ac2cf53302bd389524d0c661ea4bba31fc73dd": 1403.534194,
"0xa2830d8e9fba0aa426032ae415e3adbc86f8fd60": 1260.591532,
"0xef7f0089e4dbf745d431db07d7807bc2e1e5daa3": 468.9192019,
"0xd21db99310d2dc9aa1dbadd34e3bcbf0d3d0c51f": 1111.388498,
"0x2fdd04dcc0022daacd3b8e5d6ff9a0d23b02db07": 78.53510854,
"0x2a72a3164d1a8947f2eaed02ae3a4b1868580d0b": 164.6523516,
"0x6aeb7c803c2fa6a835cc3e2242eac8ba862da97f": 150.880343,
"0xaa41bb9118afab9abf9481cc753ae8b8dd71f7b4": 244.0567065,
"0x397ba85bd833b42c919f5e978cf7646e161d78ae": 7810.350958,
"0x64d42a0431c91a4924d3979f75872dce854fc171": 39.40312528,
"0x59dee0af662c8937a3e5a600f4fd8815f393e4dc": 275.8271228,
"0xa63f10f74604318bf4685db11f8f7fdaf6688e62": 172.8349629,
"0xaf979d88965e652bc7dc9b9768ba04832f480771": 1698.831352,
"0xd3b5b376a3bf46b4f57339039cb403a8509e0473": 1034.851596,
"0x0a20507fc1a33cbd15c5fd5197b259ca644e7769": 179.1412544,
"0x91a4815d131c194c9138970245ed96be2cb8c01c": 2443.687519,
"0x77a6ed698be04812c8548890bd742eb79655d0b6": 49.30664618,
"0x16f9533c30f651f38c76d8c1f488b486e4b8e361": 750.6814442,
"0x0d50b417fdfbe5de6361278f7386fb8d5aea6a40": 1441.793252,
"0x0c537101991b5024137df14dcb823766be078961": 5847.09678,
"0xa3a90f586724c4c05b8213a01538337054e0d4ce": 572.742752,
"0x200a536dd2636480918712edd8e46426edebc2d0": 336.4569599,
"0xd5e025336817717c10330954cfb6fffdea45a3e4": 501.5585685,
"0xfcade2c82f8f1f53ff6b2463c3470126d27f3f3b": 153.9941284
}
}
