{
   "info": {
     "description": "List of SMT rewards recipients and amounts",
     "weekStartEpoch": 1632697200,
     "weekEndEpoch": 1633301999,
     "scheduledRelease": 292299,
     "rolloverFromLastWeek": 0,
     "actualRelease": 292299,
     "rolloverToNextWeek": 0
   },
   "distribution": {
"0xcae1061a7dff2607aa3d22048ff1b7f42a009321": 41277.76323,
"0x9d5f3391bb4055d9dbb6f91c3d0f333d1f3a6e2d": 18573.32264,
"0xe99866c3e5533f0c42c341a9a926fec0cf6f626a": 0.06701500527,
"0x3df51013b9080786a374e2980dd1da88b0b99177": 530.5820204,
"0x13d897716ea9309a99f44275f0935b7a4de2658c": 279.3996001,
"0xef839c529ba597b97ef73895a8ac2610e4268d81": 56187.43579,
"0x56a0bba677e15767935a0e410e25bd80a2aaad2c": 7334.461877,
"0x035facef5fa6be5c1d2667773378948f37d20b90": 4678.890288,
"0x6b31682a6eec6fcedf0b9628cdfcca958bcadcd8": 23644.51815,
"0x7c181ddb8dad02859e80ad804d1529a5664e402e": 3622.686355,
"0x66d036ca276a6690731724987c14bddc27590a31": 25633.54167,
"0xde4f4015507cb53147edd0e2dfd3dcf991ae7f0c": 39.59009233,
"0x78faa36cda79e0e078b94d011e5ccf6931611bd2": 680.1677054,
"0x30e996409627d6b820a5f7c9ff413680aad694cd": 920.0020308,
"0x03260d1f9591ddc951532eee14443f0e6efa76ae": 401.0253605,
"0xddd99beca9f7daa4bda89117259c9d3584f31e0a": 8083.477607,
"0x4fcbe6c1113311a932bd2f1607eb56ca9a523fbd": 3170.626886,
"0x277fb2af5ce837a8e77c5607ef463e1919796d5d": 1065.093896,
"0x6ff5b6aa621ee75192a08685254b1f874a93ee73": 796.3760311,
"0x6f28b4a549881ddf99cbe6fd4f8297f2fe4eb1b6": 53.33519006,
"0x9799d5db05cb00e1c63d708e0cfce323751eb737": 952.9830864,
"0x874fa6cd927d748326d5004065636e343df97405": 311.3804084,
"0x522c906586a5ba6d6bc7eecf184aaebedb8d4e70": 46.50604274,
"0xcf985ba7d2531030d720424c29883ff4a5569663": 75.47409308,
"0xfd26de11cb7bf17ae55b56e417663cfdfee02e95": 8170.452471,
"0x120107165b53e653f5e76049447a1af3ecda980c": 52841.77296,
"0x1d04cb16d0cc338d5ec6b5379f67ca1406c96d37": 164.3863655,
"0xa4c1b34136653b10ffae8336c8dcf44c4499043d": 54.5280626,
"0xe8267f36539bfa879c147ef353500f0710164483": 181.1660012,
"0xb635a9bc0a3d74f5308b9a8b562f3d89761254ed": 7.024387328,
"0xb3cda99926a1d4ba8f35a4bbce85008e12b50f7e": 6684.802264,
"0xa4030e70b39b06daad7d7661190901adc7ad433a": 2272.483801,
"0xbbb7b32a5e384829fa67e200041d64e4dd8a6105": 159.3240802,
"0x2fa4db030d2dc4d36f8c037ed2b3219f82e7b893": 662.3984113,
"0x9c5779b16e8600492c827373596b8f44deb21cce": 443.5618629,
"0x119324b9d8d34965b460f9457b80ead79d8fe36a": 1641.917844,
"0x82ac2cf53302bd389524d0c661ea4bba31fc73dd": 1903.044357,
"0xa2830d8e9fba0aa426032ae415e3adbc86f8fd60": 1372.425222,
"0xef7f0089e4dbf745d431db07d7807bc2e1e5daa3": 457.8034403,
"0xd21db99310d2dc9aa1dbadd34e3bcbf0d3d0c51f": 425.4562089,
"0x2fdd04dcc0022daacd3b8e5d6ff9a0d23b02db07": 82.87207739,
"0x2a72a3164d1a8947f2eaed02ae3a4b1868580d0b": 173.7878861,
"0x6aeb7c803c2fa6a835cc3e2242eac8ba862da97f": 159.3111628,
"0xaa41bb9118afab9abf9481cc753ae8b8dd71f7b4": 257.6241842,
"0x397ba85bd833b42c919f5e978cf7646e161d78ae": 8241.879484,
"0x64d42a0431c91a4924d3979f75872dce854fc171": 41.55527032,
"0x59dee0af662c8937a3e5a600f4fd8815f393e4dc": 291.0823546,
"0xa63f10f74604318bf4685db11f8f7fdaf6688e62": 182.3699517,
"0xaf979d88965e652bc7dc9b9768ba04832f480771": 1403.816669,
"0x0a20507fc1a33cbd15c5fd5197b259ca644e7769": 143.3687225,
"0x91a4815d131c194c9138970245ed96be2cb8c01c": 2043.609456,
"0x77a6ed698be04812c8548890bd742eb79655d0b6": 52.23714965,
"0x16f9533c30f651f38c76d8c1f488b486e4b8e361": 1962.147583,
"0x0d50b417fdfbe5de6361278f7386fb8d5aea6a40": 1462.083257
   }
}
