{
   "info": {
     "description": "List of SMT rewards recipients and amounts",
     "weekStartEpoch": 1638748800,
     "weekEndEpoch": 1639353599,
     "scheduledRelease": 278009,
     "rolloverFromLastWeek": 0,
     "actualRelease": 278009,
     "rolloverToNextWeek": 0
   },
   "distribution": {
"0xcae1061a7dff2607aa3d22048ff1b7f42a009321": 54707.99951,
"0x9d5f3391bb4055d9dbb6f91c3d0f333d1f3a6e2d": 24661.09253,
"0x3df51013b9080786a374e2980dd1da88b0b99177": 412.9729718,
"0xef839c529ba597b97ef73895a8ac2610e4268d81": 29049.9116,
"0x56a0bba677e15767935a0e410e25bd80a2aaad2c": 12782.42857,
"0x035facef5fa6be5c1d2667773378948f37d20b90": 7174.976608,
"0x6b31682a6eec6fcedf0b9628cdfcca958bcadcd8": 25653.23219,
"0x7c181ddb8dad02859e80ad804d1529a5664e402e": 2071.982536,
"0x66d036ca276a6690731724987c14bddc27590a31": 8874.284271,
"0xde4f4015507cb53147edd0e2dfd3dcf991ae7f0c": 66.5040693,
"0x78faa36cda79e0e078b94d011e5ccf6931611bd2": 344.9432196,
"0x30e996409627d6b820a5f7c9ff413680aad694cd": 693.2413927,
"0x03260d1f9591ddc951532eee14443f0e6efa76ae": 299.8595307,
"0xddd99beca9f7daa4bda89117259c9d3584f31e0a": 11031.85294,
"0x9cd5251399fe313379e2243f77fff94a6ae70e63": 281.4085427,
"0x277fb2af5ce837a8e77c5607ef463e1919796d5d": 1344.795669,
"0x6ff5b6aa621ee75192a08685254b1f874a93ee73": 633.6800911,
"0x6f28b4a549881ddf99cbe6fd4f8297f2fe4eb1b6": 46.19802773,
"0x53bd5851bff3ea8cb43d334716337f350d2e5ef6": 82.76437642,
"0x9799d5db05cb00e1c63d708e0cfce323751eb737": 712.5035035,
"0x874fa6cd927d748326d5004065636e343df97405": 265.5757235,
"0xcf985ba7d2531030d720424c29883ff4a5569663": 126.7825868,
"0x120107165b53e653f5e76049447a1af3ecda980c": 64699.36371,
"0x1d04cb16d0cc338d5ec6b5379f67ca1406c96d37": 195.3400772,
"0xe8267f36539bfa879c147ef353500f0710164483": 135.1991081,
"0xb635a9bc0a3d74f5308b9a8b562f3d89761254ed": 11.79967801,
"0xb3cda99926a1d4ba8f35a4bbce85008e12b50f7e": 5965.256737,
"0xbc8ca713a71ffbe54446e215ef850f773ec4d5a7": 44.25828341,
"0xa4030e70b39b06daad7d7661190901adc7ad433a": 1699.067047,
"0xbbb7b32a5e384829fa67e200041d64e4dd8a6105": 187.3151797,
"0x2fa4db030d2dc4d36f8c037ed2b3219f82e7b893": 1396.658355,
"0x9c5779b16e8600492c827373596b8f44deb21cce": 417.0177071,
"0x119324b9d8d34965b460f9457b80ead79d8fe36a": 4191.931871,
"0x82ac2cf53302bd389524d0c661ea4bba31fc73dd": 1235.246035,
"0xa2830d8e9fba0aa426032ae415e3adbc86f8fd60": 1401.772351,
"0xef7f0089e4dbf745d431db07d7807bc2e1e5daa3": 369.8275495,
"0xd21db99310d2dc9aa1dbadd34e3bcbf0d3d0c51f": 876.7914384,
"0x2fdd04dcc0022daacd3b8e5d6ff9a0d23b02db07": 61.81678321,
"0x2a72a3164d1a8947f2eaed02ae3a4b1868580d0b": 129.6237423,
"0x6aeb7c803c2fa6a835cc3e2242eac8ba862da97f": 118.8831432,
"0xaa41bb9118afab9abf9481cc753ae8b8dd71f7b4": 192.6228985,
"0x64d42a0431c91a4924d3979f75872dce854fc171": 30.92653776,
"0x59dee0af662c8937a3e5a600f4fd8815f393e4dc": 217.5193549,
"0xa63f10f74604318bf4685db11f8f7fdaf6688e62": 136.4187203,
"0xaf979d88965e652bc7dc9b9768ba04832f480771": 1219.902698,
"0xd3b5b376a3bf46b4f57339039cb403a8509e0473": 722.7666956,
"0x0a20507fc1a33cbd15c5fd5197b259ca644e7769": 313.7748676,
"0x91a4815d131c194c9138970245ed96be2cb8c01c": 3659.303665,
"0x77a6ed698be04812c8548890bd742eb79655d0b6": 39.04293646,
"0x16f9533c30f651f38c76d8c1f488b486e4b8e361": 1156.123616,
"0x0d50b417fdfbe5de6361278f7386fb8d5aea6a40": 4109.296929,
"0xa3a90f586724c4c05b8213a01538337054e0d4ce": 1039.756118,
"0x200a536dd2636480918712edd8e46426edebc2d0": 198.2568359,
"0xd5e025336817717c10330954cfb6fffdea45a3e4": 395.5629948,
"0xfcade2c82f8f1f53ff6b2463c3470126d27f3f3b": 121.4448022
}
}
