{
   "info": {
     "description": "List of SMT rewards recipients and amounts",
     "weekStartEpoch": 1639958400,
     "weekEndEpoch": 1640563199,
     "scheduledRelease": 275236,
     "rolloverFromLastWeek": 0,
     "actualRelease": 275236,
     "rolloverToNextWeek": 0
   },
   "distribution": {
"0xcae1061a7dff2607aa3d22048ff1b7f42a009321": 54790.32435,
"0x9d5f3391bb4055d9dbb6f91c3d0f333d1f3a6e2d": 24000.74877,
"0x3df51013b9080786a374e2980dd1da88b0b99177": 375.7450118,
"0xef839c529ba597b97ef73895a8ac2610e4268d81": 22669.85316,
"0x56a0bba677e15767935a0e410e25bd80a2aaad2c": 13337.12504,
"0x035facef5fa6be5c1d2667773378948f37d20b90": 5316.812004,
"0x6b31682a6eec6fcedf0b9628cdfcca958bcadcd8": 28637.14592,
"0x7c181ddb8dad02859e80ad804d1529a5664e402e": 1717.933905,
"0x66d036ca276a6690731724987c14bddc27590a31": 6370.863976,
"0xde4f4015507cb53147edd0e2dfd3dcf991ae7f0c": 60.64755243,
"0x78faa36cda79e0e078b94d011e5ccf6931611bd2": 313.6857284,
"0x30e996409627d6b820a5f7c9ff413680aad694cd": 630.154696,
"0x03260d1f9591ddc951532eee14443f0e6efa76ae": 272.6588571,
"0xddd99beca9f7daa4bda89117259c9d3584f31e0a": 10740.59997,
"0x9cd5251399fe313379e2243f77fff94a6ae70e63": 255.607345,
"0x277fb2af5ce837a8e77c5607ef463e1919796d5d": 1346.599508,
"0x6ff5b6aa621ee75192a08685254b1f874a93ee73": 841.4537482,
"0x6f28b4a549881ddf99cbe6fd4f8297f2fe4eb1b6": 42.23041533,
"0x53bd5851bff3ea8cb43d334716337f350d2e5ef6": 80.03723892,
"0x9799d5db05cb00e1c63d708e0cfce323751eb737": 647.6380949,
"0x874fa6cd927d748326d5004065636e343df97405": 241.5251908,
"0xcf985ba7d2531030d720424c29883ff4a5569663": 115.6177909,
"0xfd26de11cb7bf17ae55b56e417663cfdfee02e95": 666.3586444,
"0x120107165b53e653f5e76049447a1af3ecda980c": 74317.05382,
"0x1d04cb16d0cc338d5ec6b5379f67ca1406c96d37": 177.974077,
"0xe8267f36539bfa879c147ef353500f0710164483": 123.0333855,
"0xb635a9bc0a3d74f5308b9a8b562f3d89761254ed": 10.76056846,
"0xb3cda99926a1d4ba8f35a4bbce85008e12b50f7e": 4234.370397,
"0xbc8ca713a71ffbe54446e215ef850f773ec4d5a7": 40.26357347,
"0xa4030e70b39b06daad7d7661190901adc7ad433a": 1544.411651,
"0xbbb7b32a5e384829fa67e200041d64e4dd8a6105": 208.5843164,
"0x2fa4db030d2dc4d36f8c037ed2b3219f82e7b893": 1269.396596,
"0x9c5779b16e8600492c827373596b8f44deb21cce": 379.6858211,
"0x119324b9d8d34965b460f9457b80ead79d8fe36a": 3811.508468,
"0x82ac2cf53302bd389524d0c661ea4bba31fc73dd": 1123.867183,
"0xa2830d8e9fba0aa426032ae415e3adbc86f8fd60": 1866.031049,
"0xef7f0089e4dbf745d431db07d7807bc2e1e5daa3": 336.3642422,
"0xd21db99310d2dc9aa1dbadd34e3bcbf0d3d0c51f": 796.9184716,
"0x2fdd04dcc0022daacd3b8e5d6ff9a0d23b02db07": 56.17238359,
"0x2a72a3164d1a8947f2eaed02ae3a4b1868580d0b": 117.8808586,
"0x6aeb7c803c2fa6a835cc3e2242eac8ba862da97f": 108.2735459,
"0xaa41bb9118afab9abf9481cc753ae8b8dd71f7b4": 175.1475277,
"0x64d42a0431c91a4924d3979f75872dce854fc171": 28.26190023,
"0x59dee0af662c8937a3e5a600f4fd8815f393e4dc": 197.837064,
"0xa63f10f74604318bf4685db11f8f7fdaf6688e62": 123.8430916,
"0xaf979d88965e652bc7dc9b9768ba04832f480771": 1108.594518,
"0xd3b5b376a3bf46b4f57339039cb403a8509e0473": 656.8049452,
"0x0a20507fc1a33cbd15c5fd5197b259ca644e7769": 404.581055,
"0x91a4815d131c194c9138970245ed96be2cb8c01c": 2494.534713,
"0x77a6ed698be04812c8548890bd742eb79655d0b6": 35.44480777,
"0x16f9533c30f651f38c76d8c1f488b486e4b8e361": 685.7710175,
"0x0d50b417fdfbe5de6361278f7386fb8d5aea6a40": 3735.223228,
"0xa3a90f586724c4c05b8213a01538337054e0d4ce": 944.9765063,
"0x200a536dd2636480918712edd8e46426edebc2d0": 180.7978365,
"0xd5e025336817717c10330954cfb6fffdea45a3e4": 359.8294232,
"0xfcade2c82f8f1f53ff6b2463c3470126d27f3f3b": 110.3226748
}
}
